《,蓄滞洪区,运用,补偿,办法,》,已经,2025年,6月,13日,国务院,第61,次,常务,会议,通过,，,现,予,公布,，,自,公布,之,日,起,施行,。
总理,李强,2025年,6月,23日,蓄滞,洪区,运用,补偿,办法,第一,章,总,则,第一,条,为了,保障,蓄滞洪区,的,正常,运用,，,确保,受,洪水,威胁,的,重点,地区,的,防洪,安全,，,合理,补偿,蓄滞,洪区,内,居民,因,蓄滞洪,遭受,的,损失,，,根据,《,中华人民共和国,防洪法,》,，,制定,本,办法,。
第二,条,本,办法,适用,于,国家,蓄滞洪区,。
国家,蓄滞洪区,名录,由,国务院,水,行政,主管,部门,根据,国家,确定,的,重要,江河,、,湖泊,流域,的,防洪,规划,拟订,，,报,国务院,批准,后,公布,。
第三,条,蓄滞,洪区,运用,补偿,，,遵循,下列,原则,：,（,一,）,保障,蓄滞,洪区,居民,的,基本,生活,；,（,二,）,有利于,蓄滞,洪区,恢复,农业,生产,；,（,三,）,与,国家,财政,承受,能力,相,适应,。
第四,条,蓄滞,洪区,运用,前,，,蓄滞,洪区,所在地,地方,各级,人民政府,应当,组织,有关,部门,和,单位,做好,蓄滞,洪区,内,人员,、,财产,的,转移,和,保护,工作,，,尽量,减少,蓄滞洪,造成,的,损失,。
第五,条,国务院,财政,主管,部门,和,水,行政,主管,部门,依照,本,办法,的,规定,，,负责,全国,蓄滞,洪区,运用,补偿,工作,的,组织,实施,和,监督,管理,。
国务院,水,行政,主管,部门,在,国家,确定,的,重要,江河,、,湖泊,设立,的,流域,管理,机构,，,对,所,辖,区域,内,蓄,滞洪区,运用,补偿,工作,实施,监督,、,指导,。
蓄滞,洪区,所在地,地方,各级,人民政府,依照,本,办法,的,规定,，,负责,本,行政区域,内,蓄,滞洪区,运用,补偿,工作,的,具体,实施,和,管理,。
上,一级,人民政府,应当,对,下,一级,人民政府,的,蓄滞,洪区,运用,补偿,工作,实施,监督,。
蓄滞,洪区,所在地,县级,以上,地方,人民政府,财政,、,水,行政,、,发展,改革,、,自然,资源,、,住房,城乡,建设,、,农业,农村,、,应急,管理,、,林业,草原,等,有关,部门,按照,职责,分工,，,负责,蓄滞,洪区,运用,补偿,的,有关,工作,。
第六,条,国家,鼓励,、,支持,在,蓄滞洪区,推行,洪水,保险,制度,，,鼓励,保险,机构,根据,蓄滞,洪区,运用,后,损失,情况,，,开展,洪水,保险,快速,理赔,和,灾害,应急,预付,赔款,服务,。
第七,条,任何,组织,和,个人,不得,骗取,、,侵吞,和,挪用,蓄滞,洪区,运用,补偿,资金,。
第八,条,审计,机关,应当,加强,对,蓄,滞洪区,运用,补偿,资金,的,管理,和,使用,情况,的,审计,监督,。
第九,条,蓄滞,洪区,所在地,地方,各级,人民政府,有关,部门,应当,充分,运用,现代,信息,技术,手段,，,建立,健全,信息,共享,机制,，,提高,蓄滞,洪区,运用,补偿,工作,效率,和,水平,。
